﻿Rank,TeamId,TeamName,LastSubmissionDate,Score,SubmissionCount,TeamMemberUserNames
1,2185337,"Renjie Qian","2019-08-05 21:27:21",1.00397,1,rjqian
2,2551276,"U Technology","2019-08-05 21:27:59",0.79583,2,"aurbanow,wonabru"
3,2311448,"Anatolii Belomestnov","2019-08-05 21:27:52",0.78732,2,anatoliib
4,2395368,yiran.chen,"2019-08-05 21:26:53",0.70484,2,"country1994,yiranchen1994"
5,2279693,"AtomicSamurai & HashNinja","2019-08-05 21:27:21",0.69655,2,"hashninja,yingyuan"
6,2143928,Zoopal2OxfordRPZ,"2019-08-05 21:28:06",0.68711,2,"cedricdamien,pierreb1105"
7,2339385,"Yingge WAN","2019-08-05 21:28:12",0.67811,2,gracewan
8,2147439,JDK,"2019-08-05 21:28:06",0.67720,2,"conniekoo,hitheone,wzswan"
9,2259427,acheshkov,"2019-08-05 21:27:04",0.67057,2,acheshkov
10,2287087,"Katona Kristóf","2019-08-05 21:28:12",0.66895,2,katonakristof
11,2313593,"Lai Ka Sin","2019-08-05 21:27:04",0.66604,2,laikasin93
12,2295266,625,"2019-08-05 21:27:59",0.64915,2,"appetukhov,granilace"
13,2268869,"Pim Pam Pum","2019-08-05 21:28:12",0.64220,2,"manvalls,samuraiisi,xxfdcxx"
14,2155671,michfeld,"2019-08-05 21:27:52",0.64144,2,michfeld
15,2374345,lh123,"2019-08-05 21:27:59",0.64113,2,liuhao123
16,2308647,TomFuj,"2019-08-05 21:26:41",0.64058,2,tomfuj
17,2154410,icebluesun,"2019-08-05 21:27:44",0.64051,2,icebluesun
18,2161234,MikhailShumikhin,"2019-08-05 21:27:52",0.63983,1,mikhailshumikhin
19,2179374,Leo,"2019-08-05 21:28:06",0.63651,2,"ashkaan,cucumis,navidfr"
20,2552999,Kaz,"2019-08-05 21:27:52",0.63214,2,kazanova
21,2558855,tl88,"2019-08-05 21:27:52",0.63081,2,tla8930
22,2146386,justart,"2019-08-05 21:27:27",0.62575,2,justart
23,2288059,"Li Luo","2019-08-05 21:27:59",0.62342,2,"fionayang28,luoli413"
24,2320414,JonnydosSantos,"2019-08-05 21:27:21",0.62043,2,jonnydossantos
25,2210402,"Ninja Trader","2019-08-05 21:27:52",0.61981,2,"avinashs,debajyoti0"
26,2571071,GorkemG,"2019-08-05 21:27:52",0.61934,1,gorkemg
27,2156443,Lina,"2019-08-05 21:27:59",0.61926,2,linadatasc
28,2405885,Gabriel,"2019-08-05 21:28:06",0.61863,2,gabrielstefan
29,2426831,"Matthias Strohmaier","2019-08-05 21:27:34",0.61831,2,mstrohmaier
30,2388830,"Alexey Kryuchkov","2019-08-05 21:27:27",0.61469,1,nskgooner
31,2146526,"Wenkai Zhang","2019-08-05 21:28:06",0.61389,2,wenkaizhang
32,2280745,ybgxmb,"2019-08-05 21:27:43",0.61388,2,ybgxmb
33,2264358,kce330,"2019-08-05 21:27:12",0.61306,2,kce330
34,2264232,"underdog ipa","2019-08-05 21:28:12",0.61294,2,"mbonardi,nixonjames,vinodmang"
35,2146017,"FengLei Dou","2019-08-05 21:28:12",0.61228,2,dfenglei
36,2403386,yurann,"2019-08-05 21:27:43",0.61184,2,yurann
37,2241127,algobot.io,"2019-08-05 21:27:52",0.60704,2,"alimaraci,marcinj"
38,2308887,"Lê Huỳnh Đức","2019-08-05 21:27:44",0.60618,1,lehuynhduc
39,2166578,"Dmitry Kozlov","2019-08-05 21:27:21",0.60574,2,dkozlov
40,2191619,Utech,"2019-08-05 21:28:06",0.60520,2,"bastien7898,bennox,sebtoth"
41,2174460,Data1,"2019-08-05 21:27:27",0.60364,1,mjenkins1
42,2563604,GideonTeo,"2019-08-05 21:28:12",0.60230,2,gideonteo
43,2173055,"Suraj kumar","2019-08-05 21:27:27",0.60120,2,surajkumar2
44,2145692,ManishYathnalli,"2019-08-05 21:28:06",0.60057,2,manishym
45,2178563,"Sergio Navarrete","2019-08-05 21:27:34",0.60004,2,sergio89
46,2145667,"Pulkit Aggarwal","2019-08-05 21:27:44",0.59843,2,net2pal
47,2143340,Silvernine,"2019-08-05 21:27:34",0.59783,1,silvernine
48,2174857,bennywt,"2019-08-05 21:28:12",0.59445,2,kheelamlow
49,2276532,"Pun Sawaphob","2019-08-05 21:27:34",0.59383,2,puunsn
50,2216182,romachandr,"2019-08-05 21:26:41",0.59378,1,romachandr
51,2202842,"Janie Tran","2019-08-05 21:28:06",0.59302,2,janietran
52,2386766,ChristianTorrez,"2019-08-05 21:28:06",0.59228,1,torrez
53,2256575,csuhartanto,"2019-08-05 21:27:04",0.59207,2,charlessuhartanto
54,2303760,"Siyu Zhu","2019-08-05 21:27:21",0.58849,1,darkcom
55,2565497,FishP,"2019-08-05 21:27:27",0.58809,1,fishpeng
56,2173769,Cugel,"2019-08-05 21:27:12",0.58790,2,cugeltheclever
57,2291036,Gunong,"2019-08-05 21:28:12",0.58662,2,gunong
58,2287561,smota,"2019-08-05 21:27:43",0.58598,2,santiagomota
59,2274864,Bigkizd,"2019-08-05 21:27:44",0.58456,1,bigkizd
60,2144685,"Yuki Kubo","2019-08-05 21:27:34",0.58436,2,yukikubo123
61,2585045,Tuiq,"2019-08-05 21:27:12",0.58256,2,tuiq007
62,2297853,"Daytona DING","2019-08-05 21:27:52",0.58241,2,"belphegor999,vdaytona"
63,2171091,LaNegraTomasa,"2019-08-05 21:27:44",0.58214,1,"alexine,alvaropc63,mikeleulate"
64,2520223,"Zhaowei Liang","2019-08-05 21:28:06",0.58191,1,joeyliang
65,2193282,GuilongZhang,"2019-08-05 21:27:59",0.58120,1,jjidfafaf
66,2535496,RogueWave,"2019-08-05 21:27:04",0.58022,2,nwamtf
67,2548945,"Meenu S","2019-08-05 21:28:06",0.58018,1,meenusharma1202
68,2170127,Shianlibes,"2019-08-05 21:27:52",0.58009,2,"kankikanki,ztggtz"
69,2421633,"Zebin Chen","2019-08-05 21:27:34",0.57997,2,zebinchen
70,2307595,ECPKn,"2019-08-05 21:27:52",0.57812,1,"christiannov,honorin,liaoxingliang"
71,2315274,"Sofia Vergara","2019-08-05 21:27:34",0.57766,1,verracodeguacas
72,2147976,"Karsten J.","2019-08-05 21:27:52",0.57714,2,joschi00
73,2159474,HisashiTanaka,"2019-08-05 21:27:04",0.57614,2,hisatan
74,2570818,statarb,"2019-08-05 21:27:21",0.57572,2,"jasonxhh,katieli16"
75,2557155,"Felipe Loque","2019-08-05 21:26:53",0.57439,2,felipefonte99
76,2559050,"Bastiaan Bergman","2019-08-05 21:27:12",0.57406,2,bastiaanbergman
77,2225710,"Adrien Brogniet","2019-08-05 21:27:59",0.57323,2,adrienbrogniet
78,2159241,"Ngoc Bien","2019-08-05 21:27:12",0.57304,1,ngocbien
79,2443392,每天起床交五次,"2019-08-05 21:27:59",0.57154,2,"disinuo,lishu14,yaoyaochang"
80,2366304,gakusei,"2019-08-05 21:27:12",0.57100,2,gakusei
81,2304164,dingli,"2019-08-05 21:28:06",0.57054,1,dingli
82,2151054,Q_takka,"2019-08-05 21:28:12",0.57007,2,qtakka
83,2511371,"Yining Zhou","2019-08-05 21:28:06",0.56975,1,yiding97
84,2146372,"Andrzej Kuro","2019-08-05 21:27:44",0.56950,1,akuropatwinski
85,2590159,lpattori,"2019-08-05 21:27:12",0.56864,1,lpattori
86,2473706,"Wietse de Vries","2019-08-05 21:28:06",0.56849,2,wietsedevries
87,2215258,h287269765,"2019-08-05 21:27:34",0.56810,1,h287269765
88,2261378,"Ryuichi Ishikawa","2019-08-05 21:27:52",0.56792,1,ryuichigt
89,2142201,"xiao ","2019-08-05 21:27:52",0.56790,2,alluxia
90,2155573,"Lawrence Chernin","2019-08-05 21:27:44",0.56733,1,lawrencechernin
91,2326773,SicilyTing,"2019-08-05 21:28:06",0.56699,2,sicilyting
92,2177480,vendhan,"2019-08-05 21:27:59",0.56647,2,vendhan
93,2144431,"Merah Putih","2019-08-05 21:28:06",0.56603,2,muhammadalfiansyah
94,2403806,"Jongmin Yoon","2019-08-05 21:27:27",0.56584,2,jmyoon
95,2303511,spurius,"2019-08-05 21:28:06",0.56569,2,spurius
96,2245976,"Pieter and Dan","2019-08-05 21:27:27",0.56513,2,"danielcorreia,pieterbarnard"
97,2213877,JaRcK,"2019-08-05 21:27:27",0.56512,2,jarck23335
98,2348547,"James Wang","2019-08-05 21:27:59",0.56442,2,"c14036227,jiachangfrank"
99,2202641,Emily_Yao,"2019-08-05 21:27:34",0.56401,2,emily2008
100,2183948,hamelg,"2019-08-05 21:27:59",0.56391,1,hamelg
101,2508423,飞面包队,"2019-08-05 21:28:12",0.56352,1,daizheng
102,2205280,"Chris Hemmens","2019-08-05 21:27:12",0.56298,1,haverholme
103,2143877,[ods.ai]sanbarus,"2019-08-05 21:27:04",0.56255,2,sanbarus
104,2245533,"Jixing Yao","2019-08-05 21:27:59",0.56241,2,yaojixing
105,2564460,"Kevin Jilg","2019-08-05 21:27:04",0.56226,2,k3v1n0x29
106,2257508,"take on kendrick","2019-08-05 21:27:44",0.56219,2,"bigman25,shreyasparagus"
107,2179313,LiZhang,"2019-08-05 21:27:52",0.56210,1,lzhang2
108,2299627,aimlresearcher,"2019-08-05 21:27:21",0.56199,2,aimlresearcher
109,2158951,"Sebastian Jørgensen","2019-08-05 21:27:44",0.56174,2,sebastianjorgensen
110,2272362,"Patrick Lzz","2019-08-05 21:27:44",0.56139,1,patricklzz
111,2593407,CharlesLandau,"2019-08-05 21:27:04",0.56092,2,charleslandau
112,2391189,"Justin Nafe","2019-08-05 21:27:21",0.56070,2,justinnafe
113,2541519,"Raven Hon","2019-08-05 21:27:04",0.56064,1,codeastar
114,2217269,vion,"2019-08-05 21:27:43",0.56051,1,vi2018
115,2291675,TanakaMi,"2019-08-05 21:28:06",0.56033,2,mikihito
116,2143738,"Muxi Xu","2019-08-05 21:27:59",0.56024,2,way2edata
117,2225828,kakapo2,"2019-08-05 21:28:06",0.55975,2,yatzhash
118,2193683,sterendav,"2019-08-05 21:27:44",0.55946,1,dvdsteren
119,2552293,oriormeir,"2019-08-05 21:27:59",0.55895,1,oriormeir
120,2238702,akionux,"2019-08-05 21:27:21",0.55881,2,akionux
121,2382520,hir0fumi,"2019-08-05 21:28:06",0.55861,2,hiroaaaa
122,2150688,"Patrick Chan","2019-08-05 21:27:52",0.55848,2,drpatrickchan
123,2383096,RW3000,"2019-08-05 21:26:53",0.55817,2,rw3000
124,2145516,"Ilya Khristoforov","2019-08-05 21:27:44",0.55808,1,darbin
125,2487372,"Tetsu Yamamoto","2019-08-05 21:27:59",0.55741,1,ytetsu583
126,2142534,Demongolem,"2019-08-05 21:27:52",0.55728,1,grjasewe
127,2171783,SpqceD,"2019-08-05 21:27:44",0.55709,2,spqced
128,2155360,"Kartik Godawat","2019-08-05 21:27:34",0.55698,2,crazydiv
129,2157096,"Toma Hentea","2019-08-05 21:27:04",0.55698,2,tomath1
130,2504028,"Antonio A","2019-08-05 21:27:59",0.55686,2,antonio1979
131,2233548,Kaggler_hotpot,"2019-08-05 21:27:27",0.55674,2,"haiqingo0o,hsfz2008,zhenyuxe"
132,2231828,rda,"2019-08-05 21:27:21",0.55641,2,"aerdem4,davutpolat,raddar"
133,2293347,Ke_Xu,"2019-08-05 21:27:59",0.55577,2,kewoodxu
134,2165488,Striderl,"2019-08-05 21:27:44",0.55524,2,strider1125
135,2150183,[Deleted],"2019-08-05 21:27:44",0.55503,1,del=29de3502cbc09230
136,2346324,jinzhongmin,"2019-08-05 21:28:12",0.55491,2,jinzhongmin
137,2155711,mick77rus,"2019-08-05 21:27:52",0.55381,2,mick77rus
138,2364757,"Dron Dronych","2019-08-05 21:27:27",0.55355,2,dronych
139,2270129,iDRC,"2019-08-05 21:27:04",0.55315,1,xiaoyushowyou2
140,2147868,"Andrey Vykhodtsev","2019-08-05 21:27:04",0.55300,2,vykhand
141,2142381,"Tomoya Horiuchi","2019-08-05 21:27:59",0.55254,2,thoriuchi0531
142,2564129,EJTTianYu,"2019-08-05 21:27:59",0.55234,1,ejttianyu1
143,2143428,StephenSmith,"2019-08-05 21:27:34",0.55148,2,smist08
144,2267006,"Denis Vodchyts","2019-08-05 21:28:06",0.55129,2,denisvodchyts
145,2283676,^π,"2019-08-05 21:27:21",0.55096,2,"georgeou,sandysha,zihang"
146,2303317,MC.O,"2019-08-05 21:27:27",0.55073,2,patrickofner
147,2177385,"Andre Cpc","2019-08-05 21:27:44",0.55048,1,pan4sf
148,2145835,rocken,"2019-08-05 21:27:59",0.55002,2,rocken
149,2226664,"Eduardo Konishi","2019-08-05 21:27:44",0.54997,2,ekonishi
150,2567587,qkcoder,"2019-08-05 21:27:52",0.54966,2,qkcoder
151,2303175,A2029,"2019-08-05 21:27:59",0.54953,1,chadansharma
152,2144214,"Mikhail Fadeev","2019-08-05 21:27:44",0.54929,2,mikhailfadeev
153,2390130,mera_research,"2019-08-05 21:27:21",0.54894,2,"f1356c,sciyy1,vafrolov"
154,2559743,"Suman Ghosh","2019-08-05 21:27:59",0.54873,2,sam02111996
155,2154054,ahsongchen,"2019-08-05 21:27:27",0.54847,2,ahsongchen
156,2301852,"Harshit Sheoran","2019-08-05 21:28:06",0.54553,2,harshitsheoran
157,2161756,"Anton Poznyakovskiy","2019-08-05 21:28:06",0.54530,2,poznyakovskiy
158,2183289,"Last resort","2019-08-05 21:27:12",0.54503,2,"jfeifei,yayundai"
159,2145744,rnrq,"2019-08-05 21:27:21",0.54498,2,heypeter
160,2171097,daten-kieker,"2019-08-05 21:27:52",0.54418,2,datenkieker
161,2142875,"Mark Thomas","2019-08-05 21:27:21",0.54329,2,concentric
162,2391678,"Tim Cui","2019-08-05 21:27:12",0.54328,2,timcui
163,2227789,Doya_kun,"2019-08-05 21:27:52",0.54324,1,doyakun
164,2476581,Serendipity.cn,"2019-08-05 21:28:06",0.54303,2,"bakunll,lancet71"
165,2175074,rajacheers,"2019-08-05 21:28:06",0.54207,2,"arvinsahni,avirath,rajacheers"
166,2173122,Dima,"2019-08-05 21:27:59",0.54163,2,dimarus
167,2144343,Alfie10,"2019-08-05 21:28:06",0.54020,1,alfie10
168,2590412,thuml,"2019-08-05 21:27:04",0.54013,2,"jinying,sun2ama,thuduxq"
169,2177103,IggiSv9t,"2019-08-05 21:27:44",0.53979,1,iggisv9t
170,2411996,"Duckling Mann","2019-08-05 21:28:12",0.53934,2,"ducdo297937,linhnmpham,troymann"
171,2217375,"Leon Yiu","2019-08-05 21:27:59",0.53838,2,keylimepy
172,2145436,hmdhmd,"2019-08-05 21:27:52",0.53787,2,hmdhmd
173,2281719,gravity,"2019-08-05 21:26:53",0.53765,1,suchith0312
174,2148142,romull,"2019-08-05 21:27:52",0.53695,2,romull
175,2556199,juntang,"2019-08-05 21:27:04",0.53669,2,juntang
176,2144465,JD,"2019-08-05 21:27:27",0.53589,1,spiritdu
177,2143306,manimaran,"2019-08-05 21:27:44",0.53487,2,smanimaran0309
178,2164775,Dmitry,"2019-08-05 21:27:44",0.53480,2,iinoduue
179,2521274,"Paul Baclace","2019-08-05 21:27:59",0.53461,2,paulbaclace
180,2232404,FabienDaniel,"2019-08-05 21:28:06",0.53442,1,fabiendaniel
181,2143495,"Shahrouz Raeisi","2019-08-05 21:27:44",0.53420,1,raeisi
182,2353975,Realwind,"2019-08-05 21:28:06",0.53402,2,"realwind,yuyingchen0221"
183,2175445,"Deep-Blue Monday","2019-08-05 21:27:04",0.53364,2,"gash717,x1inken,ykaneko1992"
184,2151899,roundEgg,"2019-08-05 21:27:43",0.53279,2,roundegg
185,2216078,"Sushant Rao","2019-08-05 21:28:06",0.53214,2,raosushant
186,2223492,ZekunXu,"2019-08-05 21:27:52",0.53204,2,zekunxu
187,2448736,WilsonYe,"2019-08-05 21:26:53",0.53189,1,wilsonye
188,2154515,SSR,"2019-08-05 21:28:06",0.53168,2,shubhinderrana
189,2222580,"Istanbul Technical Uni.","2019-08-05 21:27:52",0.53093,1,"dabager,del=b516d489faa2a4fe"
190,2309142,"Inaki Cervera-Marzal","2019-08-05 21:27:04",0.53076,2,inakicm
191,2363048,JR,"2019-08-05 21:27:04",0.53020,2,naveenasaithambi
192,2508030,"Pam Shen","2019-08-05 21:27:12",0.53013,2,pamelah1993
193,2330896,chrisiew,"2019-08-05 21:27:34",0.52992,2,chrisiew
194,2150271,gavrand,"2019-08-05 21:27:34",0.52940,2,agavranis
195,2273598,"Yulong Wang","2019-08-05 21:27:59",0.52869,2,wangyulong
196,2287212,Shalnovv,"2019-08-05 21:27:52",0.52831,2,shalnovv
197,2144378,"Prashant Kikani","2019-08-05 21:27:52",0.52706,2,prashantkikani
198,2243315,"Hao Wu","2019-08-05 21:28:12",0.52618,2,fqq11679
199,2547966,ouyang,"2019-08-05 21:27:27",0.52479,2,wxtxyz1
200,2164171,Ankasor,"2019-08-05 21:27:43",0.52441,1,ankasor
201,2142644,janetx,"2019-08-05 21:27:59",0.52407,2,janetx
202,2146490,"Jose M.","2019-08-05 21:27:52",0.52397,2,joseleiva
203,2198506,"Attitude ","2019-08-05 21:27:35",0.52392,2,attitude
204,2359448,"DJS ","2019-08-05 21:27:34",0.52290,2,emptycasket
205,2146314,"Karthik Ramesh","2019-08-05 21:27:44",0.52170,1,karthikramesh55
206,2152627,"Roman Popov","2019-08-05 21:27:52",0.52153,2,romanpopov
207,2150796,blacksix,"2019-08-05 21:27:44",0.52077,2,blacksix
208,2345134,"Thomas Clark","2019-08-05 21:27:21",0.52000,2,thomasclark
209,2462010,"Hei Bro","2019-08-05 21:28:12",0.51950,2,"liaoliaoliao,zhangjiescut"
210,2150019,CoreyLevinson,"2019-08-05 21:28:06",0.51920,2,returnofsputnik
211,2255659,HashinLearning,"2019-08-05 21:27:59",0.51913,2,"celikelozdinc,yildizcag"
212,2168630,"Jordan LeNoach","2019-08-05 21:28:06",0.51910,2,jleno11
213,2239150,"Bernd Allmendinger","2019-08-05 21:26:53",0.51903,2,allmendinger
214,2491026,datadivination,"2019-08-05 21:28:12",0.51844,2,datadivination
215,2142218,"alfa_goose [ods.ai]","2019-08-05 21:27:21",0.51811,2,"raisefamous,venheads"
216,2380090,"Ilya Niklyaev","2019-08-05 21:27:21",0.51799,2,niklyaev
217,2252861,mrxnew,"2019-08-05 21:27:52",0.51771,2,azacharia
218,2544879,Parser,"2019-08-05 21:27:27",0.51754,2,"rfraser1,will000"
219,2143597,"Phil Lee","2019-08-05 21:27:59",0.51595,2,reaverlee
220,2148649,Lyssa,"2019-08-05 21:26:53",0.51573,2,ihordurnopianov
221,2405300,saneryee,"2019-08-05 21:27:59",0.51528,1,saneryee
222,2451170,"Timofii Pyrogov","2019-08-05 21:27:59",0.51508,2,timoxapir
223,2152637,"Elena Krivaltsevich","2019-08-05 21:28:06",0.51496,1,elenakrivaltsevich
224,2274193,"Manuel Campos","2019-08-05 21:27:21",0.51489,2,coreacasa
225,2596553,andre_beton,"2019-08-05 21:27:04",0.51430,2,andrebeton
226,2198653,RunningWolf,"2019-08-05 21:27:27",0.51422,2,runningwolf
227,2154393,consistent_mileage,"2019-08-05 21:27:52",0.51256,2,howtodowtle
228,2174279,Daren,"2019-08-05 21:28:12",0.51245,2,dddzhou
229,2483094,"Jason Seal","2019-08-05 21:27:04",0.51237,2,jasonumijun
230,2405665,FAITH,"2019-08-05 21:27:27",0.51222,2,"chenian,chrischien17,timingjl"
231,2255766,"The Beautiful and the Damned","2019-08-05 21:27:21",0.51200,2,brettnbutter25
232,2268942,LeComteDeBronze,"2019-08-05 21:27:27",0.51094,2,ravoxsg
233,2271252,"Jing Guo","2019-08-05 21:27:27",0.51089,2,jg3222
234,2505712,"Piseth Ky","2019-08-05 21:27:04",0.51084,2,pky562
235,2155434,Absol,"2019-08-05 21:27:04",0.51073,2,"cyrilgarcia,mathwhiz"
236,2328154,"lydia Syl","2019-08-05 21:27:27",0.50940,1,sylveri
237,2143699,"Rafat Hussain","2019-08-05 21:27:12",0.50899,2,rafathsn
238,2152991,"Niranjan Nakkala","2019-08-05 21:27:52",0.50805,2,niranjanmudhiraj
239,2259228,Kishore,"2019-08-05 21:27:44",0.50785,2,kishorekumar25
240,2179549,Vision,"2019-08-05 21:27:34",0.50721,2,ming666
241,2158110,AL,"2019-08-05 21:27:43",0.50685,2,alexxanderlarko
242,2143305,"Smart Bean","2019-08-05 21:28:06",0.50585,2,zhangdecheng
243,2144809,"Chuanle Dou","2019-08-05 21:27:21",0.50419,2,squarepantsd
244,2141672,Xiuqi,"2019-08-05 21:27:21",0.50402,2,lixiuqi
245,2144665,"Rohit Jain","2019-08-05 21:27:27",0.50265,2,rj1993
246,2148530,Silogram,"2019-08-05 21:27:44",0.50200,2,psilogram
247,2222123,"Vasu mani","2019-08-05 21:27:34",0.50159,2,vasumani
248,2157503,geflik,"2019-08-05 21:27:44",0.50130,2,k2jstat
249,2163362,DaveRo,"2019-08-05 21:27:21",0.50070,2,davero
250,2323915,YuliaKondratenko,"2019-08-05 21:27:43",0.49951,2,jdkondratenko
251,2383034,m-nagao,"2019-08-05 21:28:06",0.49895,2,mnagao
252,2310542,"Mohammed Elaynousse","2019-08-05 21:28:06",0.49867,1,elaynousse
253,2400210,manaz,"2019-08-05 21:26:53",0.49789,1,rimana
254,2148041,Data000,"2019-08-05 21:27:59",0.49761,2,data000
255,2167411,dmdm02,"2019-08-05 21:27:27",0.49667,2,dmdm02
256,2538955,"Yogamurti Sutanto","2019-08-05 21:27:27",0.49608,2,yogamurtisutanto
257,2397421,MingYiMing,"2019-08-05 21:27:52",0.49604,2,"songming4s,yimingcaiquantum,ymzhang29"
258,2150482,Scottfree,"2019-08-05 21:27:52",0.49600,2,"mconway,robertdscott"
259,2166770,傅哥哥~oh~~,"2019-08-05 21:27:12",0.49588,2,"fintech2018,xuanming"
260,2235325,Dieter,"2019-08-05 21:27:34",0.49583,2,"christofhenkel,pannenhannes"
261,2149277,TI,"2019-08-05 21:26:41",0.49525,2,toshinoue
262,2551096,alllllllllllex,"2019-08-05 21:26:53",0.49512,2,allllllex
263,2497338,peaceful29,"2019-08-05 21:27:21",0.49470,2,peaceful29
264,2299998,"Jorge Montero","2019-08-05 21:27:34",0.49337,2,jorgemontero
265,2403748,"Schooled by Randomness","2019-08-05 21:27:21",0.49230,2,"arjunb98,omniactio"
266,2323836,"Beast : )))","2019-08-05 21:28:06",0.49228,2,"solomonleung,ylchan87"
267,2142643,"Eric Beckwith","2019-08-05 21:27:44",0.49202,2,beckwith1301
268,2144469,"Mr Loke","2019-08-05 21:27:59",0.49122,2,klloke
269,2200262,"Anton Frolenkov","2019-08-05 21:27:34",0.49093,2,xxxsaq
270,2266881,"Azadeh Razmi","2019-08-05 21:27:12",0.48901,2,arazmi
271,2180378,"Quang Pham","2019-08-05 21:27:43",0.48862,1,quangph1
272,2551614,"chenhan zhang","2019-08-05 21:27:21",0.48840,2,zhangchenhan
273,2263305,memory_and_time_constrained,"2019-08-05 21:26:41",0.48824,2,leafar
274,2447713,"Ali Bakhtiari","2019-08-05 21:27:27",0.48665,2,alibakh62
275,2161439,Libre,"2019-08-05 21:27:44",0.48456,2,librepy
276,2144334,ykwang,"2019-08-05 21:27:27",0.48443,1,ykwang26
277,2167626,"Tudor Morosan","2019-08-05 21:27:52",0.48427,2,tudor1m
278,2201632,willyboy1,"2019-08-05 21:27:27",0.48417,1,willyboy1
279,2269942,bricktop,"2019-08-05 21:27:04",0.48388,2,"dumjax,tkogipsy"
280,2188748,"Sean Gilbert","2019-08-05 21:27:52",0.48325,2,sharkbait1223
281,2443446,KAGGLE-STOCKS,"2019-08-05 21:28:12",0.48242,2,"hlphlp,katrinsuvi,villemtn"
282,2312499,gosh76,"2019-08-05 21:27:27",0.48234,2,gosh76
283,2241006,corner200,"2019-08-05 21:27:44",0.48160,2,corner200
284,2538437,"Joe K","2019-08-05 21:28:12",0.48120,2,joek47
285,2180459,SergeyKalutsky,"2019-08-05 21:27:27",0.47900,1,sergeykalutsky
286,2142960,NxGTR,"2019-08-05 21:27:43",0.47863,2,carloshuertas
287,2153477,tbayac,"2019-08-05 21:28:06",0.47829,2,tbayac
288,2454279,"Hello World","2019-08-05 21:27:21",0.47828,2,drtianjun
289,2430958,Velum,"2019-08-05 21:27:21",0.47665,2,"johann2893,kourosh17"
290,2162424,"Eric Zarahn","2019-08-05 21:26:54",0.47559,1,ericzarahn
291,2568098,mEh35a,"2019-08-05 21:27:04",0.47524,1,meh35a
292,2202549,wuxz,"2019-08-05 21:27:21",0.47514,2,xinziwu
293,2168525,"Andrew Kreimer","2019-08-05 21:27:52",0.47449,2,algonell
294,2402632,"Petr Pisarev","2019-08-05 21:28:06",0.47426,2,pisarevpetr
295,2479242,qyuan7,"2019-08-05 21:27:12",0.47413,2,qyuan7
296,2571967,xiaoyif,"2019-08-05 21:26:53",0.47384,1,fuxiaoyi
297,2203166,zhangzhan,"2019-08-05 21:27:44",0.47326,1,zezero
298,2146887,ShanGao,"2019-08-05 21:27:44",0.47326,1,sandygao
299,2189633,"Revenue Up","2019-08-05 21:27:27",0.47283,2,"codegass,heidihxm,w52918"
300,2163321,"Harsh Sahu","2019-08-05 21:27:44",0.47277,1,harshsahu
301,2345882,alexborio,"2019-08-05 21:27:04",0.47102,2,alexborio
302,2213031,AHA,"2019-08-05 21:27:21",0.47012,2,"luoxin1993,ttccyyuu"
303,2142769,SuperAI(.pl),"2019-08-05 21:27:12",0.46929,2,superaipl
304,2236477,Tina,"2019-08-05 21:27:21",0.46873,2,tienyu
305,2159224,TK2018,"2019-08-05 21:27:12",0.46781,2,"adrienpapaioannou,belensge,bnunez"
306,2565360,"William Hau","2019-08-05 21:27:27",0.46756,2,williamhau
307,2142465,"Nishant Kumar","2019-08-05 21:27:52",0.46693,2,nishkgp
308,2176357,0x0x,"2019-08-05 21:26:53",0.46486,1,vv0x0x
309,2142473,"Liz H","2019-08-05 21:27:12",0.46443,2,"brentiumbrent,ehjort1"
310,2195382,"Yang Xiya","2019-08-05 21:27:27",0.46304,2,yangxiya
311,2277485,trian2018,"2019-08-05 21:27:21",0.46248,2,trian2018
312,2142580,"Marek Nurzynski","2019-08-05 21:27:12",0.46207,2,"juliettemc,marek3000,sroziews"
313,2141810,kojimar,"2019-08-05 21:28:06",0.46053,2,kojimar
314,2586616,deftot,"2019-08-05 21:27:27",0.45989,2,augcri
315,2189295,alijs,"2019-08-05 21:27:44",0.45974,2,alijs1
316,2399154,Jean-Marc,"2019-08-05 21:27:27",0.45951,1,dkmerona
317,2485754,"Ujwal Sapkota","2019-08-05 21:27:21",0.45747,2,sapkotaujwal
318,2147514,"Alexander Akishev","2019-08-05 21:27:59",0.45632,2,alexakishev
319,2143884,P2,"2019-08-05 21:27:59",0.45542,2,"irondev,ppkxy46"
320,2309300,"Đức Lê","2019-08-05 21:27:52",0.45491,1,lhduc94
321,2145260,"Niranjan Singh","2019-08-05 21:27:52",0.45478,1,niranjanmaisnam
322,2333288,WorriersAssemble,"2019-08-05 21:27:21",0.45270,2,"easonss,pkugoodspeed,terenceliu4444"
323,2543028,"Guozhen Zhang","2019-08-05 21:27:52",0.45229,1,zhangguozhen
324,2531472,"Vicente Santos","2019-08-05 21:28:12",0.45197,2,vicentegsantos
325,2516304,"Yukou Takahashi","2019-08-05 21:27:21",0.45157,2,yukou00takahashi
326,2152733,"Yair Beer","2019-08-05 21:27:52",0.45138,2,mrbeer
327,2153916,alexbird,"2019-08-05 21:27:34",0.45118,1,alexbird
328,2596260,yoyohuo,"2019-08-05 21:27:27",0.44962,2,yoyohuo
329,2443587,Nix,"2019-08-05 21:27:27",0.44938,2,"ivanbagmut,machinemasters,vtsimbaluk"
330,2234774,"xiong youcheng","2019-08-05 21:27:12",0.44778,2,xyccsy
331,2491891,shuiyuejihua,"2019-08-05 21:27:21",0.44755,2,shuiyuejihua
332,2143923,icwangjimmy,"2019-08-05 21:27:59",0.44702,2,icwangjimmy
333,2150592,"Radu Stoicescu","2019-08-05 21:27:44",0.44560,2,radustoicescu
334,2161299,Excited!,"2019-08-05 21:28:06",0.44509,2,zydxwpw
335,2154669,mellean,"2019-08-05 21:27:44",0.44404,1,melroleandro
336,2229838,"Nanqiao Wang","2019-08-05 21:27:52",0.44391,2,nanqwang
337,2420594,"Teng Lei","2019-08-05 21:28:06",0.44339,2,nichaoku
338,2161777,"Samuel Wehrli","2019-08-05 21:28:12",0.44332,2,samuelwehrli
339,2311709,"Darkhan Nurakhmetov","2019-08-05 21:27:44",0.44284,2,hoogleraar
340,2167709,Kent,"2019-08-05 21:28:12",0.44004,2,kent119
341,2176480,Qutr,"2019-08-05 21:27:52",0.43985,2,jbfiot
342,2142509,"Dimosthenis Karaflos","2019-08-05 21:28:06",0.43955,2,dkaraflos
343,2142919,Yuki,"2019-08-05 21:27:21",0.43849,1,yukikumagai
344,2301837,Solari3,"2019-08-05 21:27:59",0.43833,2,solari3
345,2146362,"BlackScholes is gone","2019-08-05 21:27:52",0.43757,2,arthurllau
346,2258710,Lai,"2019-08-05 21:27:59",0.43693,1,zacgun
347,2146510,zblyou1,"2019-08-05 21:28:06",0.43674,1,zblyou1
348,2558557,"Financial Market is a Big Liar","2019-08-05 21:27:12",0.43558,2,"hengruixing,jackzjl,kamessi"
349,2283330,"Yang Zhang","2019-08-05 21:27:44",0.43551,2,zhangyang
350,2150149,Ask,"2019-08-05 21:27:12",0.43534,2,raggi9
351,2171239,"Timothee Henry","2019-08-05 21:27:34",0.43518,1,timhenry
352,2146122,"Daniel Engelhardt","2019-08-05 21:27:44",0.43514,2,daniello20000
353,2145321,A^b,"2019-08-05 21:27:12",0.43411,2,abrial
354,2142159,"Denys Cherevyk [ods.ai]","2019-08-05 21:27:04",0.43171,2,denychaen
355,2156135,"Aravind Pillai","2019-08-05 21:27:34",0.43152,2,aspillai
356,2143824,g_wzrd,"2019-08-05 21:27:52",0.43077,2,geokywankenobi
357,2145631,Godfather,"2019-08-05 21:28:06",0.42909,2,pvduy23
358,2287028,"Luca Massaron","2019-08-05 21:27:27",0.42848,2,lucamassaron
359,2567649,mavericklhf,"2019-08-05 21:27:12",0.42833,2,mavericklhf
360,2555560,"Eric Yeh","2019-08-05 21:27:04",0.42753,2,"bleachqq,shanghaoyeh"
361,2406202,elaine654,"2019-08-05 21:27:59",0.42587,2,elaine654
362,2196502,NikitaGribov,"2019-08-05 21:27:04",0.42572,1,nikitagribov
363,2459605,"Scott Lowe","2019-08-05 21:27:12",0.42269,1,scottclowe
364,2577245,"Raffael Wulff","2019-08-05 21:27:21",0.42172,2,rwulff
365,2495664,"Ed Polanco","2019-08-05 21:26:53",0.42147,2,edpolanco
366,2210075,t.eno,"2019-08-05 21:27:44",0.42130,1,iinotomoki
367,2143921,noypeban,"2019-08-05 21:27:59",0.42055,2,toshikazuwatanabe
368,2141880,"Abdelamajid Elhamdaoui","2019-08-05 21:27:52",0.41806,2,elhamdaouiabdelmajid
369,2226794,"Daniel Sánchez","2019-08-05 21:27:12",0.41776,2,danielsanchez
370,2591489,jiazhouwang,"2019-08-05 21:26:53",0.41771,1,guabao
371,2200649,"Gavin Cao","2019-08-05 21:27:27",0.41672,2,gavinxgcao
372,2279477,"[ods.ai] Lyalikov Artyom","2019-08-05 21:27:52",0.41667,1,timon88
373,2215908,"Chan Khai Ern, Edwin","2019-08-05 21:27:04",0.41545,1,chanedwin
374,2245959,"Zhassulan Shaikhygali","2019-08-05 21:28:12",0.41512,2,zhaseke
375,2579619,weitaoJIa,"2019-08-05 21:27:59",0.41482,2,"dongcc1,xianbin7"
376,2347642,"Yuanqi Li","2019-08-05 21:27:21",0.41407,1,timezero
377,2404105,"Wenxiang Hu","2019-08-05 21:27:04",0.41372,2,wenxianghu
378,2151212,"Joakim Arvidsson","2019-08-05 21:27:52",0.41271,2,joebeachcapital
379,2263843,"ReLU Systems [ods.ai]","2019-08-05 21:27:12",0.41205,2,"nareyko,yzelensky"
380,2494370,"Theo Viel","2019-08-05 21:27:21",0.41116,1,theoviel
381,2150824,"Humberto Brandão","2019-08-05 21:27:59",0.41102,2,brandao
382,2280310,"Fernando Santos","2019-08-05 21:27:21",0.41102,2,fasantos
383,2361129,tourist,"2019-08-05 21:27:52",0.41077,1,hzk123
384,2306337,ARGO_AI2,"2019-08-05 21:27:27",0.41017,2,"ericzh126,lovehello"
385,2279716,JulienAudibert,"2019-08-05 21:28:06",0.40968,2,julienau
386,2294393,Ubermensch,"2019-08-05 21:27:04",0.40902,1,ubermensch
387,2154462,haotang,"2019-08-05 21:27:04",0.40900,2,tanghao922
388,2145335,laserwolf,"2019-08-05 21:28:06",0.40894,2,vvarkey
389,2348127,"Tomonori Masui","2019-08-05 21:27:21",0.40859,2,tnmasui
390,2428351,ilyamurzin,"2019-08-05 21:28:06",0.40746,1,ilyamurzin
391,2190991,ssscks,"2019-08-05 21:27:44",0.40630,1,omochanosasasa
392,2359868,thzone,"2019-08-05 21:28:12",0.40545,2,"kangfy,thzone,tualai"
393,2287952,RealTeam,"2019-08-05 21:28:12",0.40456,2,"a894657305,darkcoml,yifant"
394,2599355,"Mike Kim","2019-08-05 21:27:04",0.40413,2,mikeskim
395,2177181,"Julio Sarda","2019-08-05 21:27:34",0.40356,2,jsarda
396,2216965,PrasunMishra,"2019-08-05 21:28:06",0.40278,2,prasunmishra
397,2360693,ARGO_AI,"2019-08-05 21:27:04",0.40138,2,"argoren,williamcky"
398,2171308,FrankS,"2019-08-05 21:28:12",0.40069,2,frscbr
399,2150889,nlgn,"2019-08-05 21:27:59",0.40020,2,kingychiu
400,2575434,"Alexey Pak","2019-08-05 21:27:59",0.39954,1,alexeypak
401,2329440,Serhii,"2019-08-05 21:27:52",0.39838,1,skorsun
402,2299337,EduardoLi,"2019-08-05 21:27:52",0.39838,1,eduardoli
403,2143429,ZackCode,"2019-08-05 21:27:44",0.39838,1,zackcode
404,2429511,SUFE_NLP_CLASS_Hessian,"2019-08-05 21:27:34",0.39838,1,hessian
405,2251795,"Jeongwhan Choi","2019-08-05 21:27:52",0.39838,1,jeongwhanchoi
406,2389630,rollorbear,"2019-08-05 21:27:27",0.39838,2,rollorbear
407,2371505,peacemaker,"2019-08-05 21:27:27",0.39838,1,peacemakertsp
408,2573590,lkk_,"2019-08-05 21:27:12",0.39794,2,laluzmin
409,2193585,"Yash Upadhyay","2019-08-05 21:27:52",0.39760,1,redhood1905
410,2215943,"Kailan Shang","2019-08-05 21:27:44",0.39760,2,klshang81
411,2156578,"Gordon Cao","2019-08-05 21:27:52",0.39760,2,caohuanqiu
412,2151489,"Sergeeva Sofiya","2019-08-05 21:27:52",0.39760,1,soufaaa
413,2397096,"Jay Chow","2019-08-05 21:27:34",0.39760,2,haifeng94
414,2293144,danielson,"2019-08-05 21:28:06",0.39751,2,danielson
415,2200691,nckubiggerdata,"2019-08-05 21:27:21",0.39617,2,"andycscsmaple,george81019,tomlee010364"
416,2152534,"Zhang Chuheng","2019-08-05 21:28:12",0.39606,2,zch2016311417
417,2394566,PengWhat,"2019-08-05 21:27:04",0.39599,2,huayupeng
418,2538287,huangzhiyong,"2019-08-05 21:27:27",0.39535,2,huangzhiyong
419,2148139,"Dr. Knope","2019-08-05 21:27:12",0.39523,2,drknope
420,2563093,Janos,"2019-08-05 21:27:21",0.39326,2,janosk21
421,2339254,doublebaby,"2019-08-05 21:28:06",0.39235,2,"wangcongying,zbwmqlw"
422,2217905,"Cheng Wangrong","2019-08-05 21:27:44",0.39221,1,wangrong
423,2572615,horizon,"2019-08-05 21:28:12",0.39175,2,"pengyan,zhewang"
424,2144028,"Paulo Pinto","2019-08-05 21:27:27",0.39161,2,paulorzp
425,2222754,NumbPie,"2019-08-05 21:27:27",0.39057,2,"agentpie,mikeguan,user20395156"
426,2237159,"Eric Vos","2019-08-05 21:27:27",0.39048,1,a45632
427,2199256,M&D,"2019-08-05 21:27:59",0.38951,2,"daqixu,mirlan51"
428,2419249,"Rafal Sikora","2019-08-05 21:27:04",0.38734,1,s1korrrr
429,2145794,WARD,"2019-08-05 21:28:06",0.38691,2,redflack
430,2143982,dmi&326,"2019-08-05 21:27:21",0.38586,2,"daiyamita,mfjwr1"
431,2425099,yuanjun,"2019-08-05 21:27:04",0.38523,2,zyjdxtc
432,2261458,Gry,"2019-08-05 21:27:21",0.38456,2,"gxtchenry,jamesyzhang,yrfyrf1989"
433,2342739,ready,"2019-08-05 21:28:06",0.38430,1,readyforfountain
434,2517435,"Alan Zhang","2019-08-05 21:27:27",0.38360,2,alige32
435,2390402,ARTUNC,"2019-08-05 21:27:59",0.38318,1,artunc
436,2165854,AndresGonzalez,"2019-08-05 21:27:52",0.38273,2,anfego
437,2517271,wqnow,"2019-08-05 21:28:06",0.38099,2,wqnow2008
438,2583106,lionDnew,"2019-08-05 21:26:41",0.37995,1,liondnew
439,2300661,"Dilshan Pathirana","2019-08-05 21:27:34",0.37959,1,pathi108
440,2239426,"Ceshine Lee","2019-08-05 21:27:21",0.37838,2,ceshine
441,2216090,"Sunny Mulchandani","2019-08-05 21:27:52",0.37796,2,sunnykm
442,2468494,hzq,"2019-08-05 21:27:21",0.37776,2,"greendddd,sherry2021"
443,2370776,wontheone1,"2019-08-05 21:27:12",0.37715,2,wontheone1
444,2404662,"Kevin Xiong","2019-08-05 21:26:41",0.37713,1,xyc13950068407
445,2156445,"Dr. Amir Vahid","2019-08-05 21:27:04",0.37516,2,amirvahid
446,2354470,"Morgan Kidd","2019-08-05 21:27:59",0.37468,2,mmkidd
447,2512676,"James Chang","2019-08-05 21:27:27",0.37415,1,"lovergrass,mjames0709,puzzleanswer01"
448,2524361,Peiwen,"2019-08-05 21:27:21",0.37316,2,ptang0114
449,2152084,Blazers,"2019-08-05 21:27:52",0.37287,2,"chandankumar95,nileshkumar14"
450,2148655,andrea10001,"2019-08-05 21:28:06",0.37283,2,andrea10001
451,2367055,McFluffyPants,"2019-08-05 21:27:52",0.37169,2,fridgeoff
452,2143123,"Mohsen Yazdinejad","2019-08-05 21:27:59",0.36879,2,"bandits,zahedi"
453,2239296,mchahhou,"2019-08-05 21:27:21",0.36831,2,mchahhou
454,2150428,HDKIM,"2019-08-05 21:26:53",0.36773,2,leadbest
455,2358614,"Los patos | Impulsadata","2019-08-05 21:27:27",0.36762,1,"apadilla370,migeruj"
456,2356122,Triplet,"2019-08-05 21:26:53",0.36645,2,"amandatsai96,cyh726,james831018"
457,2570827,"Andrew Shevelev","2019-08-05 21:27:12",0.36589,2,andrewshevelev
458,2501987,"Wen Wang","2019-08-05 21:28:06",0.36543,1,newwen
459,2552469,"Olga Ivanova ","2019-08-05 21:26:41",0.36530,2,olgaiv39
460,2154769,"Alexandre Gandini","2019-08-05 21:27:59",0.36505,2,alexgand
461,2214594,"La bohème","2019-08-05 21:27:04",0.36187,1,"antoinegruet,paulcoursaux"
462,2238725,"lwzhang & codereason","2019-08-05 21:27:27",0.36104,2,"bbubble,codereason"
463,2369350,Scharbhen,"2019-08-05 21:27:34",0.36098,1,azhukov
464,2161194,"Jay Song","2019-08-05 21:28:12",0.36084,2,mwblue
465,2193481,"Marcelo Tamashiro","2019-08-05 21:27:21",0.36031,1,marcelotamashiro
466,2596396,ARGO_AI1,"2019-08-05 21:26:41",0.35997,2,"daxiaoduoshao,tjkaggle123,yoyo1828"
467,2578710,zeemat,"2019-08-05 21:27:04",0.35938,1,zeemat123
468,2163423,Frank,"2019-08-05 21:27:43",0.35932,1,frankarp
469,2266682,"Andrey Lukashenkov","2019-08-05 21:27:34",0.35886,2,alukashenkov
470,2142702,"PC Jimmmy","2019-08-05 21:27:52",0.35853,2,pcjimmmy
471,2145013,"Alimbekov Renat [dsmlkz]","2019-08-05 21:27:21",0.35834,1,alimbekovkz
472,2149159,Byfone,"2019-08-05 21:28:06",0.35831,2,byfone
473,2518563,Dct712,"2019-08-05 21:28:12",0.35829,1,katerinaptv
474,2153685,JunyoungPark,"2019-08-05 21:27:34",0.35788,1,junyoung
475,2142144,zhdmath,"2019-08-05 21:27:52",0.35780,1,zhdmath
476,2496178,GuyMulino,"2019-08-05 21:27:59",0.35771,2,gm2016
477,2145309,"Igor Popovic","2019-08-05 21:28:06",0.35767,2,igorpopovic
478,2571340,"Landlord's cat","2019-08-05 21:27:59",0.35762,2,legends0
479,2558878,Piyush,"2019-08-05 21:27:59",0.35762,2,piyush1912
480,2142006,"Mathurin Aché","2019-08-05 21:27:27",0.35759,2,mathurinache
481,2465329,"Pan Wang","2019-08-05 21:27:34",0.35745,2,panwanggogo
482,2377065,"The Neuron Engineer","2019-08-05 21:27:34",0.35731,2,ratthachat
483,2147516,bobutis,"2019-08-05 21:27:12",0.35704,2,bobutis
484,2406329,xhyang0616,"2019-08-05 21:27:04",0.35694,2,xhyang0616
485,2431644,"Alex M.","2019-08-05 21:28:06",0.35687,2,alexjmartinez
486,2266191,Dixon,"2019-08-05 21:27:52",0.35681,1,dixonhu
487,2147718,Madis_Lemsalu,"2019-08-05 21:27:27",0.35638,1,madislemsalu
488,2214925,"sharon woo","2019-08-05 21:28:06",0.35412,1,swoo99
489,2148307,"Bassil Bassiouny","2019-08-05 21:27:59",0.35286,2,bosbos
490,2384531,DenisVorotyntsev,"2019-08-05 21:28:06",0.35192,2,tearth
491,2203130,"Junshen Xu","2019-08-05 21:27:59",0.35183,2,daviddmc
492,2502256,tosterovic,"2019-08-05 21:28:12",0.35129,2,tosterovic
493,2149855,"Yaoxiang Li","2019-08-05 21:27:21",0.35122,2,"alexjchen,cphyt7,lzyacht"
494,2444039,"yulin pan","2019-08-05 21:28:06",0.35092,2,shyzhxpyl
495,2294396,snanurag,"2019-08-05 21:27:59",0.35067,1,snanurag
496,2142894,ExCode,"2019-08-05 21:28:06",0.35062,2,excode
497,2280854,"Guang Yang","2019-08-05 21:28:06",0.35037,2,guang10
498,2208351,"Flying Leaf","2019-08-05 21:27:27",0.35031,2,kainsama
499,2322623,yyyzzzwww,"2019-08-05 21:27:59",0.34953,2,yyyzzzwww
500,2147575,"Vadim Borisov","2019-08-05 21:27:04",0.34945,2,hireme
501,2371428,GIFT559,"2019-08-05 21:28:06",0.34872,2,kg2018
502,2165168,shejz,"2019-08-05 21:28:06",0.34786,1,shielaj
503,2257850,3000,"2019-08-05 21:28:06",0.34771,2,"merveturhan,oguzkaplan"
504,2383706,黄金矿工,"2019-08-05 21:28:06",0.34688,2,"dmy1995,wqk1019"
505,2252228,"Nam Phan","2019-08-05 21:27:12",0.34573,2,phanlehoainam
506,2143886,pacificactuary,"2019-08-05 21:27:04",0.34539,1,pacificactuary
507,2233607,andrekos,"2019-08-05 21:28:06",0.34539,2,andrekos
508,2143025,"Aditya Vyas","2019-08-05 21:27:04",0.34539,2,aditya1702
509,2163909,"Don Woodlock","2019-08-05 21:28:12",0.34445,2,dwoodlock
510,2322018,ruyueshuo,"2019-08-05 21:26:53",0.34404,2,ruyueshuo
511,2483742,Nazym,"2019-08-05 21:27:12",0.34285,1,anazym
512,2148386,shimaw28,"2019-08-05 21:27:34",0.34140,2,shimaw28
513,2159068,Takanori_N,"2019-08-05 21:27:12",0.34071,2,tchristophern
514,2248604,"Georgios Sarantitis","2019-08-05 21:27:59",0.34063,2,georsara1
515,2537541,"Pavitrakumar P","2019-08-05 21:26:53",0.34031,2,pavitrakumar78
516,2359601,"Winner Winner Chicken Dinner","2019-08-05 21:27:27",0.33999,2,zitorelova
517,2151258,MaheshKulkarni,"2019-08-05 21:27:21",0.33943,2,maheshak04
518,2432726,"Charles Lin","2019-08-05 21:27:21",0.33943,2,cambrian
519,2141360,"Atanas Atanasov","2019-08-05 21:27:52",0.33922,2,atanasova
520,2390958,"Mohd Atir","2019-08-05 21:27:12",0.33918,2,mohdatir
521,2281953,我擦，估计又跪了,"2019-08-05 21:27:59",0.33801,2,"lftuwujie,manyfoldcv"
522,2373534,ggsddu,"2019-08-05 21:27:59",0.33542,2,"plantsgo,tianshuaifei"
523,2594641,陈少滨chendaxixi,"2019-08-05 21:27:27",0.33531,2,"chendaxixi,greatphiphy,wujing126"
524,2143627,Mickey,"2019-08-05 21:27:44",0.33335,2,symyksr
525,2145559,"Baker,Yang","2019-08-05 21:27:12",0.33277,2,baker12355
526,2426899,SUFE_NLP_CLASS_TengJiaye,"2019-08-05 21:27:27",0.33244,1,jiayeteng
527,2146311,"Yu,Hai (于海)","2019-08-05 21:28:06",0.33110,2,yuhaichina
528,2321200,robf26,"2019-08-05 21:28:12",0.32973,2,robfrank26
529,2232920,pwh7041,"2019-08-05 21:28:12",0.32883,2,pwh7041
530,2143184,"Wei Wu","2019-08-05 21:27:21",0.32746,2,weiwunyc
531,2435751,test000000,"2019-08-05 21:26:53",0.32620,1,ikenaiborderline
532,2494944,punxti,"2019-08-05 21:27:12",0.32611,2,punxti
533,2176340,RomanKyrychenko,"2019-08-05 21:26:41",0.32380,1,kirichenko17roman
534,2187442,julie,"2019-08-05 21:27:59",0.32267,1,julieyhzhao31
535,2146710,silverstone,"2019-08-05 21:27:34",0.32147,2,silverstone1903
536,2146498,"Matthias Coste","2019-08-05 21:27:12",0.32139,1,matthiascoste
537,2192827,H&M,"2019-08-05 21:27:59",0.32111,2,"haiyinhu,judithkruithof,mjjklootwijk"
538,2435649,ElenaR,"2019-08-05 21:27:04",0.31843,1,klenar
539,2149607,"奇变偶不变 符号看象限","2019-08-05 21:27:21",0.31840,2,ryanzhang
540,2144728,desertgold,"2019-08-05 21:26:41",0.31560,1,"desertgold,qusimeng"
541,2155903,AnHd,"2019-08-05 21:27:27",0.31357,2,al252130
542,2205302,Trottefox,"2019-08-05 21:26:41",0.31296,2,trottefox
543,2508417,IoTDB,"2019-08-05 21:28:06",0.31295,1,"fanhualta,gwmh18,kakayu"
544,2143810,"Zichen Wang","2019-08-05 21:26:53",0.31255,2,zichen
545,2204781,markmipt,"2019-08-05 21:27:52",0.31125,2,markmipt
546,2429505,Catzzz,"2019-08-05 21:27:21",0.31047,2,catzzz
547,2441096,前后的朋友你们真不乖,"2019-08-05 21:27:04",0.30888,2,"chbyang,kitety,yzhangdc"
548,2393865,SUFE_NLP_CLASS_SunShu,"2019-08-05 21:27:59",0.30768,2,kevinson
549,2283118,ellenyusa,"2019-08-05 21:27:34",0.30756,1,ellenyusa
550,2265872,"Marvin Chancán","2019-08-05 21:27:34",0.30693,2,highmv
551,2166532,viva,"2019-08-05 21:27:52",0.30552,2,viva32105
552,2164538,"Jesse Wu","2019-08-05 21:27:44",0.30540,2,wujiajie1110
553,2178434,"Youliang Yu","2019-08-05 21:26:54",0.30415,2,aviatorx
554,2143252,#oseille,"2019-08-05 21:26:41",0.30411,2,"flaviengelineau,glimow,pmartin1"
555,2397980,yfSong,"2019-08-05 21:27:04",0.30331,2,sssylvia
556,2379138,1101jrs,"2019-08-05 21:27:52",0.30331,2,"scut123,scut161101"
557,2577765,llalqll,"2019-08-05 21:27:21",0.30302,2,llalqll
558,2142207,"Alexander Makeev","2019-08-05 21:27:27",0.30198,2,santyago
559,2151729,"Nirupam Ghosh","2019-08-05 21:27:52",0.30126,1,nirugh4846
560,2396667,"Arkadeep Adhikari","2019-08-05 21:27:59",0.30126,2,merlin101
561,2573283,lionkt,"2019-08-05 21:26:41",0.30126,1,"alexqisun,lionkt,rongliangzi"
562,2518870,Sowmiyan,"2019-08-05 21:27:21",0.30126,2,sowmiyanm
563,2331323,"Ferhat Culfaz","2019-08-05 21:27:34",0.30126,1,ferhat00
564,2143922,"Amandeep Singh","2019-08-05 21:27:34",0.30126,2,theamandeepsingh
565,2148271,"Kirill Simakov","2019-08-05 21:27:27",0.30126,2,ksimakov
566,2195915,"Arunkumar V Ramanan","2019-08-05 21:27:34",0.30126,1,arunkumarramanan
567,2149507,HariSeldon,"2019-08-05 21:27:34",0.30126,1,fpaboim
568,2508386,high&mean,"2019-08-05 21:28:06",0.30126,1,gaojun
569,2588063,"Surya Santosh","2019-08-05 21:27:59",0.30126,1,surya4u
570,2417135,Imegirin,"2019-08-05 21:26:41",0.30126,1,imegirin
571,2404995,LiangdeLi,"2019-08-05 21:28:06",0.30126,2,liangdeli
572,2144227,SRK,"2019-08-05 21:27:59",0.30126,2,sudalairajkumar
573,2393729,SUFE_NLP_XBC,"2019-08-05 21:26:42",0.30126,1,baoshenliua
574,2593569,Peining,"2019-08-05 21:27:04",0.30126,2,peining
575,2182275,LakshmiNarayana,"2019-08-05 21:27:43",0.30126,2,lakshminarayana
576,2156173,"Amit Kumar Jaiswal","2019-08-05 21:27:27",0.30126,1,amitkumarjaiswal
577,2146949,Tung,"2019-08-05 21:27:27",0.30126,1,dttung2905
578,2246388,"CT 534","2019-08-05 21:28:06",0.30126,1,"colin08812,timdavidson"
579,2296489,periwal,"2019-08-05 21:27:59",0.30126,1,periwal
580,2142244,Bo,"2019-08-05 21:26:54",0.30126,2,libo9562
581,2141671,"[Deleted] 536f971c-0fb8-4d6a-a924-78d1ca5e5294","2019-08-05 21:27:59",0.30126,1,del=8f6b48d6019a76a9
582,2377347,"Narendra Sahu","2019-08-05 21:27:34",0.30126,1,narendrashu
583,2314446,"Ramiro Debbe","2019-08-05 21:27:34",0.30126,2,rdebbe
584,2394707,DungNB,"2019-08-05 21:27:27",0.30126,1,nguyenbadung
585,2184816,"Ricardo Rios","2019-08-05 21:27:34",0.30126,2,ricardorios
586,2463146,"Bill S","2019-08-05 21:26:53",0.29927,1,dex314
587,2150583,"Steve Joly","2019-08-05 21:28:06",0.29907,2,sjoly123
588,2429742,"Kaiming Kuang","2019-08-05 21:28:12",0.29769,2,kaimingk
589,2147778,little_snail,"2019-08-05 21:27:44",0.29605,2,blackboards
590,2487308,[Deleted],"2019-08-05 21:27:04",0.29601,2,del=d90cec9162849016
591,2270403,mukesh7,"2019-08-05 21:27:04",0.29098,1,mukesh7
592,2301205,"Shu Wang","2019-08-05 21:27:27",0.28674,2,ryanshuwang
593,2264570,amitos,"2019-08-05 21:28:06",0.28663,2,amitstei
594,2577040,"Pratik Biswas","2019-08-05 21:27:12",0.28658,2,pkbiswas
595,2517280,donaldo,"2019-08-05 21:27:52",0.28579,1,donaldo
596,2540122,CLCLCL,"2019-08-05 21:27:04",0.28277,1,chrisl6uie
597,2267038,"My sword","2019-08-05 21:28:12",0.28116,2,"alessandrosolbiati,guowenrui"
598,2283378,Aigu,"2019-08-05 21:26:53",0.28006,1,hharnal
599,2597180,Phaedrus,"2019-08-05 21:27:12",0.27957,2,pheadrus
600,2213720,A&R,"2019-08-05 21:27:21",0.27570,1,"andtem2000,rehanahmed"
601,2529782,"Some Aditya Mandal","2019-08-05 21:27:12",0.27531,1,someadityamandal
602,2506645,"Tadashi Kikuchi","2019-08-05 21:26:41",0.27475,2,tadashikikuchi
603,2442304,"kaggle fan","2019-08-05 21:28:12",0.27433,1,kagglefan
604,2154185,"Kazumi Sakamoto","2019-08-05 21:26:41",0.27379,2,scipee
605,2154643,nakayasu,"2019-08-05 21:27:04",0.27360,2,nakayasu
606,2504756,"Misuk Kim","2019-08-05 21:27:04",0.27111,2,kimmisuk
607,2280089,"Mike McGarry","2019-08-05 21:26:53",0.27084,2,mikejmcgarry
608,2589172,lcarrano,"2019-08-05 21:27:59",0.27052,2,lcarrano
609,2149823,"Will Zhang","2019-08-05 21:27:27",0.26852,2,zhangwe
610,2527908,davinci,"2019-08-05 21:27:21",0.26691,1,hoss3in
611,2333156,TB_1374,"2019-08-05 21:27:59",0.26674,2,tohidbeh
612,2393312,Du4AI,"2019-08-05 21:27:59",0.26166,2,"dcscodelife,hugo1030,leilayanhui"
613,2252100,"Tapioca J","2019-08-05 21:27:04",0.26073,1,tapioca
614,2193596,mutatos,"2019-08-05 21:27:12",0.25891,1,mutatos
615,2231595,"Shikha Agrawal","2019-08-05 21:27:59",0.25178,1,shikha130vv
616,2222672,Lovre,"2019-08-05 21:27:12",0.25132,2,lovreextracharacters
617,2549979,exponentian,"2019-08-05 21:26:41",0.24485,2,exponentian
618,2172909,"Ed Santos","2019-08-05 21:28:12",0.24346,2,uriante
619,2288465,上面的朋友我们很好,"2019-08-05 21:28:06",0.24298,1,"rubb1sh,shenjimei,yc1102"
620,2142008,Magichanics,"2019-08-05 21:27:44",0.23924,2,magichanics
621,2232682,"Steliyan Georgiev","2019-08-05 21:27:21",0.22491,2,steliyan
622,2178608,Smilence,"2019-08-05 21:27:52",0.22086,2,zhangyixing0404
623,2238364,"Samael Wang","2019-08-05 21:27:43",0.21988,1,samaelwang
624,2293770,RuiH,"2019-08-05 21:27:12",0.20684,2,rz2333
625,2246920,abcde,"2019-08-05 21:27:21",0.20486,2,mimosccpu
626,2302026,Masoud,"2019-08-05 21:27:27",0.20402,2,"engenious,yassertabandeh"
627,2142019,"Jiazhen Xi","2019-08-05 21:26:53",0.20347,1,johnfarrell
628,2160286,M.G.,"2019-08-05 21:27:34",0.19543,1,donmag
629,2217176,marketneutral,"2019-08-05 21:27:21",0.19346,2,marketneutral
630,2577625,triplegold,"2019-08-05 21:27:59",0.19023,2,triplegold
631,2309629,JJJ444,"2019-08-05 21:27:27",0.17657,2,jjj444
632,2163644,"hopeful resurgence","2019-08-05 21:27:04",0.16875,1,m7catsue
633,2438674,Johannes_ComPro,"2019-08-05 21:26:41",0.16858,1,"mizukurage,nishiki08polar"
634,2431929,ChiPrimo,"2019-08-05 21:27:04",0.16840,2,"avoquando,serena155586,somewherehfn"
635,2435263,"Harry Li","2019-08-05 21:27:34",0.14907,1,hl3101
636,2143855,Sharaf,"2019-08-05 21:27:27",0.13599,2,sssharaf
637,2157192,prasannakumar2012,"2019-08-05 21:26:41",0.13339,1,prasannakumar2012
638,2546173,"Felix Savchenkov","2019-08-05 21:27:04",0.13294,1,f1e2l3i4x5
639,2388938,takeishikoki,"2019-08-05 21:27:59",0.12218,1,takeishikoki
640,2142221,TK,"2019-08-05 21:27:44",0.10943,2,tttkkk
641,2207665,"Jarek Czekalski","2019-08-05 21:27:44",0.10698,2,jarekczek
642,2179391,Giba,"2019-08-05 21:27:59",0.09874,2,titericz
643,2149723,"Robert McKee","2019-08-05 21:28:06",0.07473,1,robjm16
644,2357408,"Lawrence Ley","2019-08-05 21:26:53",0.07365,2,lley154
645,2496089,hbrendan,"2019-08-05 21:28:06",0.05173,1,brendanahart
646,2316707,"Gary Gause","2019-08-05 21:27:44",0.04938,1,garygause
647,2313760,"Wind Warriors","2019-08-05 21:26:41",0.03817,1,"haorena77,withthewind,xiaokey1987"
648,2012705,"Mike Procopio","2019-08-05 21:27:44",0.03691,1,mikeprocopio
649,2497187,yanran123,"2019-08-05 21:27:12",0.03594,1,yanransmiles
650,2148511,"lost dimension","2019-08-05 21:27:12",0.00000,2,lostdimension
651,2149124,"Isa K","2019-08-05 21:27:21",-0.00107,2,isakev
652,2381835,"Edmond Chen","2019-08-05 21:27:12",-0.02231,1,edmondchen
653,2418049,itusavunma,"2019-08-05 21:28:12",-0.03836,1,"erkoyuncu,nsmehel"
654,2483206,julesvanligtenberg,"2019-08-05 21:28:06",-0.03836,1,julesvanligtenberg
655,2344657,Losers,"2019-08-05 21:27:21",-0.08095,2,"pansos,spyrosm"
656,2302911,"Preslav Rachev","2019-08-05 21:27:52",-0.08949,2,preslavrachev
657,2143963,"Little Limin","2019-08-05 21:27:12",-0.11613,1,limin1996
658,2590541,AndreyVel,"2019-08-05 21:27:27",-0.14986,1,andreyvel
659,2364535,"Selvaraj S.","2019-08-05 21:26:41",-0.16694,1,selvaraj
660,2194225,chriswmann,"2019-08-05 21:27:52",-0.18986,2,chriswmann
661,2144017,"Daniel Raduta","2019-08-05 21:26:53",-0.21775,1,datudar
662,2411523,"Aleksandr Lavrikov","2019-08-05 21:27:21",-0.36027,2,lavrikovav
663,2488185,Gnu,"2019-08-05 21:27:12",-0.48885,2,"michalstypa,ohandmark"
